Workbook
Name Orders: Order!$A$1:$C$7
Name Product: Product!$A$1:$C$7
Name Products: Product!$A$1:$C$7
Name tABLE: #REF!

Sheet Product
A1: ProductID | B1: Product | C1: Price | D1: Quantity | E1: Ordered/Not ordered | H1: Summary | I1: Summary Name
A2: 101 | B2: Product A | C2: 120 | D2: =IFERROR(VLOOKUP(A2,Order!$B$1:$G$7,2,0),0) -> 2 | E2: =IF(ISNA(VLOOKUP(A2,Order!$B$2:$C$8,1,0)),"Not Ordered","Ordered") -> Ordered | F2: =SUMIF(A2:A9,"=A2",D2:D9) -> 0 | G2: =VLOOKUP(A2,Order!$B$1:$C$8,2,0) -> 2 | H2: =SUMIF(Order!$B$2:$B$9,A2,Order!$C$2:$C$9) -> 2 | I2: =SUMIF(Order!$E$2:$E$9,B2,Order!$C$2:$C$9) -> 2
A3: 102 | B3: Product B | C3: 150 | D3: =IFERROR(VLOOKUP(A3,Order!$B$1:$G$7,2,0),0) -> 5 | E3: =IF(ISNA(VLOOKUP(A3,Order!$B$2:$C$8,1,0)),"Not Ordered","Ordered") -> Ordered | F3: =SUMIF(A2:A10,"=A2",D3:D10) -> 0 | G3: =VLOOKUP(A3,Order!$B$1:$C$8,2,0) -> 5 | H3: =SUMIF(Order!$B$2:$B$9,A3,Order!$C$2:$C$9) -> 10 | I3: =SUMIF(Order!$E$2:$E$9,B3,Order!$C$2:$C$9) -> 10
A4: 103 | B4: Product C | C4: 200 | D4: =IFERROR(VLOOKUP(A4,Order!$B$1:$G$7,2,0),0) -> 1 | E4: =IF(ISNA(VLOOKUP(A4,Order!$B$2:$C$8,1,0)),"Not Ordered","Ordered") -> Ordered | F4: =SUMIF(A4:A11,"=A2",D4:D11) -> 0 | G4: =VLOOKUP(A4,Order!$B$1:$C$8,2,0) -> 1 | H4: =SUMIF(Order!$B$2:$B$9,A4,Order!$C$2:$C$9) -> 1 | I4: =SUMIF(Order!$E$2:$E$9,B4,Order!$C$2:$C$9) -> 1
A5: 104 | B5: Product D | C5: 90 | D5: =IFERROR(VLOOKUP(A5,Order!$B$1:$G$7,2,0),0) -> 6 | E5: =IF(ISNA(VLOOKUP(A5,Order!$B$2:$C$8,1,0)),"Not Ordered","Ordered") -> Ordered | F5: =SUMIF(A5:A12,"=A2",D5:D12) -> 0 | G5: =VLOOKUP(A5,Order!$B$1:$C$8,2,0) -> 6 | H5: =SUMIF(Order!$B$2:$B$9,A5,Order!$C$2:$C$9) -> 6 | I5: =SUMIF(Order!$E$2:$E$9,B5,Order!$C$2:$C$9) -> 6
A6: 105 | B6: Product E | C6: 220 | D6: =IFERROR(VLOOKUP(A6,Order!$B$1:$G$7,2,0),0) -> 4 | E6: =IF(ISNA(VLOOKUP(A6,Order!$B$2:$C$8,1,0)),"Not Ordered","Ordered") -> Ordered | F6: =SUMIF(A6:A13,"=A2",D6:D13) -> 0 | G6: =VLOOKUP(A6,Order!$B$1:$C$8,2,0) -> 4 | H6: =SUMIF(Order!$B$2:$B$9,A6,Order!$C$2:$C$9) -> 4 | I6: =SUMIF(Order!$E$2:$E$9,B6,Order!$C$2:$C$9) -> 4
A7: 106 | B7: Product F | C7: 130 | D7: =IFERROR(VLOOKUP(A7,Order!$B$1:$G$7,2,0),0) -> 3 | E7: =IF(ISNA(VLOOKUP(A7,Order!$B$2:$C$8,1,0)),"Not Ordered","Ordered") -> Ordered | F7: =SUMIF(A7:A14,"=A2",D7:D14) -> 0 | G7: =VLOOKUP(A7,Order!$B$1:$C$8,2,0) -> 3 | H7: =SUMIF(Order!$B$2:$B$9,A7,Order!$C$2:$C$9) -> 3 | I7: =SUMIF(Order!$E$2:$E$9,B7,Order!$C$2:$C$9) -> 3
A8: 108 | B8: Product H | C8: 180 | D8: =IFERROR(VLOOKUP(A8,Order!$B$1:$G$7,2,0),0) -> 0 | E8: =IF(ISNA(VLOOKUP(A8,Order!$B$2:$C$8,1,0)),"Not Ordered","Ordered") -> Not Ordered | F8: =SUMIF(A8:A15,"=A2",D8:D15) -> 0 | G8: =VLOOKUP(A8,Order!$B$1:$C$8,2,0) -> #N/A | H8: =SUMIF(Order!$B$2:$B$9,A8,Order!$C$2:$C$9) -> 0 | I8: =SUMIF(Order!$E$2:$E$9,B8,Order!$C$2:$C$9) -> 0
A9: 109 | B9: Product I | C9: 130 | D9: =IFERROR(VLOOKUP(A9,Order!$B$1:$G$7,2,0),0) -> 0 | E9: =IF(ISNA(VLOOKUP(A9,Order!$B$2:$C$8,1,0)),"Not ordered","Ordered") -> Not ordered | F9: =SUMIF(A9:A16,"=A2",D9:D16) -> 0 | G9: =VLOOKUP(A9,Order!$B$1:$C$8,2,0) -> #N/A | H9: =SUMIF(Order!$B$2:$B$9,A9,Order!$C$2:$C$9) -> 0 | I9: =SUMIF(Order!$E$2:$E$9,B9,Order!$C$2:$C$9) -> 0

Sheet Order
A1: OrderID | B1: ProductId | C1: Quantity | D1: Total Price | E1: Product Name | F1: Availability | G1: Discounted Price | H1: Price
A2: 1 | B2: 101 | C2: 2 | D2: =VLOOKUP(B2,Product,3,0)*C2 -> 240 | E2: =VLOOKUP(B2,Product,2,0) -> Product A | F2: =IF(ISNA(VLOOKUP(B2,Products,1,0)),"Not Found","Found") -> Found | G2: =D2*0.9 -> 216 | H2: =VLOOKUP(B2,Product!$A$1:$C$7,3,0) -> 120 | I2: =IF(ISNA(VLOOKUP(B2,Product!$A$1:$D$7,1,0)),"Not found","Found") -> Found
A3: 2 | B3: 103 | C3: 1 | D3: =VLOOKUP(B3,Product,3,0)*C3 -> 200 | E3: =VLOOKUP(B3,Product,2,0) -> Product C | F3: =IF(ISNA(VLOOKUP(B3,Products,1,0)),"Not Found","Found") -> Found | G3: =D3*0.9 -> 180 | H3: =VLOOKUP(B3,Product!$A$1:$C$7,3,0) -> 200 | I3: =IF(ISNA(VLOOKUP(B3,Product!$A$1:$D$7,1,0)),"Not found","Found") -> Found
A4: 3 | B4: 105 | C4: 4 | D4: =VLOOKUP(B4,Product,3,0)*C4 -> 880 | E4: =VLOOKUP(B4,Product,2,0) -> Product E | F4: =IF(ISNA(VLOOKUP(B4,Products,1,0)),"Not Found","Found") -> Found | G4: =D4*0.9 -> 792 | H4: =VLOOKUP(B4,Product!$A$1:$C$7,3,0) -> 220 | I4: =IF(ISNA(VLOOKUP(B4,Product!$A$1:$D$7,1,0)),"Not found","Found") -> Found
A5: 4 | B5: 106 | C5: 3 | D5: =VLOOKUP(B5,Product,3,0)*C5 -> 390 | E5: =VLOOKUP(B5,Product,2,0) -> Product F | F5: =IF(ISNA(VLOOKUP(B5,Products,1,0)),"Not Found","Found") -> Found | G5: =D5*0.9 -> 351 | H5: =VLOOKUP(B5,Product!$A$1:$C$7,3,0) -> 130 | I5: =IF(ISNA(VLOOKUP(B5,Product!$A$1:$D$7,1,0)),"Not found","Found") -> Found
A6: 5 | B6: 102 | C6: 5 | D6: =VLOOKUP(B6,Product,3,0)*C6 -> 750 | E6: =VLOOKUP(B6,Product,2,0) -> Product B | F6: =IF(ISNA(VLOOKUP(B6,Products,1,0)),"Not Found","Found") -> Found | G6: =D6*0.9 -> 675 | H6: =VLOOKUP(B6,Product!$A$1:$C$7,3,0) -> 150 | I6: =IF(ISNA(VLOOKUP(B6,Product!$A$1:$D$7,1,0)),"Not found","Found") -> Found
A7: 6 | B7: 104 | C7: 6 | D7: =VLOOKUP(B7,Product,3,0)*C7 -> 540 | E7: =VLOOKUP(B7,Product,2,0) -> Product D | F7: =IF(ISNA(VLOOKUP(B7,Products,1,0)),"Not Found","Found") -> Found | G7: =D7*0.9 -> 486 | H7: =VLOOKUP(B7,Product!$A$1:$C$7,3,0) -> 90 | I7: =IF(ISNA(VLOOKUP(B7,Product!$A$1:$D$7,1,0)),"Not found","Found") -> Found
A8: 7 | B8: 107 | C8: 7 | D8: 550 | E8: Product G | F8: =IF(ISNA(VLOOKUP(B8,Products,1,0)),"Not Found","Found") -> Not Found | G8: =D8*0.9 -> 495 | H8: =IFERROR(VLOOKUP(B8,Product!$A$1:$C$7,3,0),"Not Listed") -> Not Listed | I8: =IF(ISNA(VLOOKUP(B8,Product!$A$1:$D$7,1,0)),"Not found","Found") -> Not found
A9: 8 | B9: 102 | C9: 5 | D9: =VLOOKUP(B9,Product,3,0)*C9 -> 750 | E9: =VLOOKUP(B9,Product,2,0) -> Product B | F9: =IF(ISNA(VLOOKUP(B9,Products,1,0)),"Not Found","Found") -> Found | G9: =D9*0.9 -> 675 | H9: =IFERROR(VLOOKUP(B9,Product!$A$1:$C$7,3,0),"Not Listed") -> 150 | I9: =IF(ISNA(VLOOKUP(B9,Product!$A$1:$D$7,1,0)),"Not found","Found") -> Found
E11: Max order value
E12: =MAX(D2:D8) -> 880
